{
  "version": 1,
  "author": "Anonymous maker",
  "editor": "wokwi",
  "parts": [
    { "type": "wokwi-arduino-uno", "id": "uno", "top": 0, "left": 0, "attrs": {} },
    { "type": "wokwi-dht22", "id": "dht1", "top": -143.7, "left": 52.2, "attrs": {} },
    {
      "type": "wokwi-resistor",
      "id": "r1",
      "top": -15.25,
      "left": -96,
      "attrs": { "value": "10000" }
    }
  ],
  "connections": [
    [ "dht1:GND", "uno:GND.1", "black", [ "v9.6", "h19.2" ] ],
    [ "dht1:VCC", "uno:5V", "red", [ "v0", "h-220.8", "v288", "h316.8" ] ],
    [ "dht1:SDA", "uno:2", "green", [ "v19.2", "h163.3" ] ]
  ],
  "dependencies": {}
}