{
  "version": 1,
  "author": "Anonymous maker",
  "editor": "wokwi",
  "parts": [
    { "type": "wokwi-arduino-nano", "id": "nano", "top": -33.6, "left": -77.3, "attrs": {} },
    {
      "type": "wokwi-led",
      "id": "led1",
      "top": -147.6,
      "left": -34.6,
      "attrs": { "color": "yellow" }
    },
    {
      "type": "wokwi-resistor",
      "id": "r1",
      "top": -92.05,
      "left": -192,
      "attrs": { "value": "220" }
    }
  ],
  "connections": [
    [ "r1:1", "nano:GND.1", "green", [ "v163.2", "h259.2" ] ],
    [ "led1:C", "r1:2", "green", [ "v19.2", "h-114.8" ] ],
    [ "led1:A", "nano:13", "green", [ "v57.6", "h-86.4", "v96", "h38.4" ] ]
  ],
  "dependencies": {}
}