{
  "version": 1,
  "author": "Anonymous maker",
  "editor": "wokwi",
  "parts": [
    { "type": "wokwi-arduino-nano", "id": "nano", "top": 43.2, "left": 18.7, "attrs": {} },
    {
      "type": "wokwi-led",
      "id": "led1",
      "top": -109.2,
      "left": 80.6,
      "attrs": { "color": "yellow" }
    },
    { "type": "wokwi-led", "id": "led2", "top": -109.2, "left": 23, "attrs": { "color": "red" } },
    {
      "type": "wokwi-led",
      "id": "led3",
      "top": -109.2,
      "left": 128.6,
      "attrs": { "color": "limegreen" }
    },
    {
      "type": "wokwi-resistor",
      "id": "r1",
      "top": 42.35,
      "left": -134.4,
      "attrs": { "value": "220" }
    },
    {
      "type": "wokwi-resistor",
      "id": "r2",
      "top": -15.25,
      "left": -105.6,
      "attrs": { "value": "1000" }
    },
    {
      "type": "wokwi-resistor",
      "id": "r3",
      "top": -72.85,
      "left": -57.6,
      "attrs": { "value": "1000" }
    }
  ],
  "connections": [
    [ "led2:A", "nano:2", "red", [ "v48", "h57.6" ] ],
    [ "led1:A", "nano:3", "gold", [ "v86.4", "h19.2" ] ],
    [ "led3:A", "nano:4", "green", [ "v76.8", "h-38.4" ] ],
    [ "led2:C", "r3:2", "red", [ "v0" ] ],
    [ "r3:1", "nano:GND.2", "red", [ "v86.4", "h201.6" ] ],
    [ "led1:C", "r2:2", "gold", [ "v57.6", "h-143.6" ] ],
    [ "r2:1", "nano:GND.1", "gold", [ "v134.4", "h268.8" ] ],
    [ "led3:C", "r1:2", "green", [ "v76.8", "h-220.4" ] ],
    [ "r1:1", "nano:GND.1", "green", [ "v96", "h9.6" ] ]
  ],
  "dependencies": {}
}